1839,469897.0053,9496190.7850,45.2011,PG
1840,469903.4331,9496198.4449,44.9792,PG
1841,469908.7530,9496206.8933,44.7573,PG
1842,469913.3331,9496215.7828,44.5353,PG
1843,469917.9131,9496224.6723,44.3134,PG
1844,469922.4932,9496233.5618,44.0915,PG
1845,469926.9535,9496242.5093,43.8696,PG
1846,469929.9306,9496252.0384,43.6476,PG
1847,469930.9552,9496261.9690,43.4257,PG
1848,469930.1483,9496271.9286,43.2038,PG
1849,469928.9880,9496281.8611,42.9819,PG
1850,469927.8276,9496291.7935,42.7600,PG
1851,469926.7505,9496301.7341,42.5380,PG
1852,469927.1644,9496311.7089,42.3161,PG
1853,469928.5207,9496321.6165,42.0942,PG
1854,469929.8770,9496331.5241,41.8723,PG
1855,469931.2332,9496341.4317,41.6503,PG
1856,469932.5872,9496351.3396,41.4284,PG
1857,469933.3784,9496361.3041,41.2065,PG
1858,469933.1755,9496371.2981,40.9846,PG
1859,469932.5655,9496381.2794,40.8845,PG
1860,469931.9555,9496391.2608,40.7845,PG
1861,469931.3455,9496401.2422,40.6845,PG
1862,469930.7355,9496411.2236,40.5845,PG
1863,469930.0350,9496421.1989,40.4845,PG
1864,469929.3165,9496431.1731,40.3845,PG
1865,469928.5980,9496441.1472,40.2845,PG
1866,469927.8795,9496451.1214,40.1845,PG
1867,469927.1610,9496461.0955,40.0845,PG
1868,469926.4425,9496471.0697,39.9845,PG
1869,469925.7241,9496481.0439,39.8845,PG
1870,469923.8404,9496490.8043,39.7845,PG
1871,469918.0169,9496498.8278,39.6845,PG
1872,469909.7840,9496504.4923,39.5845,PG
1873,469901.4922,9496510.0779,39.4845,PG
1874,469895.1684,9496517.7311,39.3845,PG
1875,469892.4829,9496527.2888,39.2845,PG
1876,469893.8761,9496537.1221,39.1274,PG
1877,469897.0167,9496546.6160,38.9132,PG
1878,469901.1560,9496555.7177,38.6989,PG
1879,469905.3178,9496564.8106,38.4846,PG
1880,469910.0894,9496573.5939,38.2703,PG
1881,469914.9709,9496582.3215,38.0560,PG
1882,469919.8523,9496591.0492,37.8417,PG
1883,469924.7338,9496599.7768,37.6275,PG
1884,469929.6152,9496608.5044,37.4132,PG
1885,469934.9371,9496616.9670,37.1989,PG
1886,469940.3610,9496625.3683,37.0557,PG
1887,469945.7849,9496633.7696,36.9261,PG
1888,469952.0826,9496641.5363,36.7965,PG
1889,469958.3934,9496649.2934,36.6668,PG
1890,469964.7042,9496657.0506,36.5372,PG
1891,469971.0151,9496664.8078,36.4076,PG
1892,469977.3259,9496672.5649,36.2779,PG
1893,469983.6367,9496680.3221,36.1483,PG
1894,469989.9475,9496688.0792,36.0187,PG
1895,469996.2583,9496695.8364,35.8891,PG
1896,470002.5691,9496703.5936,35.7594,PG
1897,470008.8800,9496711.3507,35.6506,PG
1898,470015.4119,9496718.9193,35.5417,PG
1899,470022.0762,9496726.3750,35.4329,PG
1900,470028.7404,9496733.8307,35.3240,PG
1901,470035.4047,9496741.2864,35.2152,PG
1902,470042.0689,9496748.7422,35.1063,PG
1903,470048.7332,9496756.1979,34.9975,PG
1904,470054.8404,9496764.1124,33.4829,PG
1905,470060.7565,9496772.1715,31.9834,PG
1906,470066.4047,9496780.4236,30.4839,PG
1907,470072.0530,9496788.6757,28.9839,PG
1908,470077.7013,9496796.9278,27.4839,PG
1909,470083.3495,9496805.1799,25.9839,PG
1910,470089.2191,9496813.2746,24.4839,PG
1911,470095.1612,9496821.3177,23.2000,PG
1912,470101.1033,9496829.3608,23.4984,PG

1467,469897.0053,9496190.7850,45.2011,POL
1468,469890.5452,9496183.1517,44.9396,POL
1469,469884.0852,9496175.5184,44.6781,POL
1470,469877.6251,9496167.8851,44.4167,POL
1471,469872.2264,9496159.5186,44.1552,POL
1472,469869.8293,9496149.8561,43.8937,POL
1473,469868.8044,9496139.9088,43.6322,POL
1474,469867.7796,9496129.9614,43.3708,POL
1475,469865.5680,9496120.2514,43.1093,POL
1476,469860.3859,9496111.7433,42.8478,POL
1477,469854.3044,9496103.8050,42.5863,POL
1478,469848.2230,9496095.8668,42.3248,POL
1479,469842.9203,9496087.4164,42.0634,POL
1480,469839.8520,9496077.9261,41.8019,POL
1481,469839.1637,9496067.9701,41.5404,POL
1482,469839.2244,9496057.9703,41.3494,POL
1483,469839.2850,9496047.9705,41.1956,POL
1484,469839.3457,9496037.9707,41.0418,POL
1485,469839.3108,9496027.9717,40.8880,POL
1486,469838.4357,9496018.0142,40.7342,POL
1487,469836.7741,9496008.1538,40.5805,POL
1488,469835.0497,9495998.3036,40.4267,POL
1489,469833.3254,9495988.4534,40.2729,POL
1490,469831.6011,9495978.6032,40.1191,POL
1491,469829.8768,9495968.7529,39.9653,POL
1492,469827.6856,9495959.0002,39.8115,POL
1493,469824.7725,9495949.4342,39.6578,POL
1494,469821.8198,9495939.8801,39.5040,POL
1495,469818.8672,9495930.3260,39.4031,POL
1496,469815.9145,9495920.7718,39.3037,POL
1497,469812.9618,9495911.2177,39.2042,POL
1498,469810.0091,9495901.6635,39.1047,POL
1499,469807.0564,9495892.1094,39.0053,POL
1500,469804.1038,9495882.5552,38.9058,POL
1501,469801.1511,9495873.0011,38.8063,POL
1502,469798.1984,9495863.4470,38.7068,POL
1503,469795.4108,9495853.8450,38.6074,POL
1504,469792.8873,9495844.1687,38.5079,POL
1505,469790.3639,9495834.4923,38.4084,POL
1506,469787.8405,9495824.8159,38.3089,POL
1507,469785.3898,9495815.1217,38.2095,POL
1508,469783.9032,9495805.2394,37.9633,POL
1509,469783.6603,9495795.2488,37.7134,POL
1510,469784.6010,9495785.2972,37.4635,POL
1511,469785.8283,9495775.3728,37.2136,POL
1512,469787.0557,9495765.4484,36.9636,POL
1513,469788.2830,9495755.5240,36.7137,POL
1514,469789.5104,9495745.5996,36.4638,POL
1515,469790.7406,9495735.6756,36.2139,POL
1516,469793.7171,9495726.1773,35.9640,POL
1517,469799.6375,9495718.1756,35.7141,POL
1518,469807.3237,9495711.7823,35.4641,POL
1519,469815.1595,9495705.5747,35.2142,POL
1520,469824.0850,9495701.0964,33.6134,POL
1521,469833.0797,9495696.7476,32.1134,POL
1522,469840.2211,9495689.8428,30.6134,POL
1523,469844.1098,9495680.7022,29.1134,POL
1524,469845.9641,9495670.8756,27.6134,POL
1525,469847.8153,9495661.0485,26.1134,POL
1526,469849.6664,9495651.2213,24.6134,POL
1527,469851.5176,9495641.3941,23.1134,POL
1528,469853.3688,9495631.5670,21.6134,POL
1529,469855.2199,9495621.7398,20.1134,POL
1530,469857.0711,9495611.9126,18.7000,POL
1531,469858.9222,9495602.0855,18.9944,POL
